INSERT INTO PERFIL VALUES ('wkidston0@reddit.com', 'Chet Louisot', 1);
INSERT INTO PERFIL VALUES ('mdaventry1@php.net', 'Katha Corteney', 0);
INSERT INTO PERFIL VALUES ('cortas2@mtv.com', 'Marje Langdale', 0);
INSERT INTO PERFIL VALUES ('ayashunin3@mediafire.com','Ariella Earwaker', 0);
INSERT INTO PERFIL VALUES ('ajarmain4@yolasite.com', 'Flori Munning', 0);
INSERT INTO PERFIL VALUES ('mabreheart5@techcrunch.com', 'Merline McDonell', 0);

INSERT INTO TEMA VALUES ('customizable', 'wkidston0@reddit.com');
INSERT INTO TEMA VALUES ('solution', 'mdaventry1@php.net');
INSERT INTO TEMA VALUES ('multimedia', 'cortas2@mtv.com');
INSERT INTO TEMA VALUES ('directional', 'ayashunin3@mediafire.com');
INSERT INTO TEMA VALUES ('Robust', 'ajarmain4@yolasite.com');


INSERT INTO OPINION VALUES (1, TO_DATE('2006-01-21', 'YYYY-MM-DD'), 'E', 'Ut tellus.', 
'<Tdetalle>
    <Titulo>tristique tortor</Titulo>
    <Introduccion>lectus in quam fringilla rhoncus mauris enim leo rhoncus sed vestibulum</Introduccion>
    <Resumen>lectus vestibulum quam sapien varius ut blandit non interdum in ante vestibulum</Resumen>
    <Citaciones>http://techcrunch.com/luctus/cum/sociis/natoque/penatibus/et.html?ligula=integer&amp;in=non&amp;lacus=velit&amp;curabitur=donec&amp;at=diam&amp;ipsum=neque&amp;ac=vestibulum&amp;tellus=eget&amp;semper=vulputate</Citaciones>
</Tdetalle>',
'wkidston0@reddit.com', 'incremental');
INSERT INTO OPINION VALUES (2, TO_DATE('2010-01-21', 'YYYY-MM-DD'), 'G', 'Etiam justo.', 
'<Tdetalle>
    <Titulo>id luctus nec molestie</Titulo>
    <Introduccion>iaculis justo in hac habitasse platea dictumst etiam faucibus cursus</Introduccion>
    <Resumen>hac habitasse platea dictumst etiam faucibus cursus urna ut tellus nulla ut</Resumen>
    <Citaciones>https://mac.com/amet/sapien/dignissim/vestibulum/vestibulum.jsp?amet=eget&amp;consectetuer=eleifend&amp;adipiscing=luctus&amp;elit=ultricies&amp;proin=eu&amp;interdum=nibh&amp;mauris=quisque&amp;non=id&amp;ligula=justo&amp;pellentesque=sit&amp;ultrices=amet&amp;phasellus=sapien&amp;id=dignissim&amp;sapien=vestibulum&amp;in=vestibulum&amp;sapien=ante&amp;iaculis=ipsum&amp;congue=primis&amp;vivamus=in&amp;metus=faucibus&amp;arcu=orci&amp;adipiscing=luctus&amp;molestie=et&amp;hendrerit=ultrices&amp;at=posuere&amp;vulputate=cubilia&amp;vitae=curae&amp;nisl=nulla&amp;aenean=dapibus&amp;lectus=dolor&amp;pellentesque=vel&amp;eget=est&amp;nunc=donec&amp;donec=odio&amp;quis=justo&amp;orci=sollicitudin&amp;eget=ut&amp;orci=suscipit&amp;vehicula=a&amp;condimentum=feugiat&amp;curabitur=et&amp;in=eros&amp;libero=vestibulum&amp;ut=ac&amp;massa=est&amp;volutpat=lacinia&amp;convallis=nisi&amp;morbi=venenatis&amp;odio=tristique&amp;odio=fusce</Citaciones>
</Tdetalle>',
  'mdaventry1@php.net', 'static');
INSERT INTO OPINION VALUES (3, TO_DATE('2015-01-21', 'YYYY-MM-DD'), 'C', 'Nulla nisl.',
'<Tdetalle>
    <Titulo>pellentesque viverra pede</Titulo>
    <Introduccion>dolor quis odio consequat varius integer ac leo pellentesque ultrices mattis</Introduccion>
    <Resumen>in congue etiam justo etiam pretium iaculis justo in hac habitasse platea dictumst etiam faucibus cursus urna ut</Resumen>
    <Citaciones>http://wunderground.com/hac/habitasse/platea/dictumst/maecenas/ut.jsp?risus=id&amp;praesent=massa&amp;lectus=id&amp;vestibulum=nisl&amp;quam=venenatis&amp;sapien=lacinia&amp;varius=aenean&amp;ut=sit&amp;blandit=amet&amp;non=justo&amp;interdum=morbi&amp;in=ut&amp;ante=odio&amp;vestibulum=cras&amp;ante=mi&amp;ipsum=pede&amp;primis=malesuada&amp;in=in&amp;faucibus=imperdiet&amp;orci=et&amp;luctus=commodo&amp;et=vulputate&amp;ultrices=justo&amp;posuere=in&amp;cubilia=blandit&amp;curae=ultrices&amp;duis=enim&amp;faucibus=lorem&amp;accumsan=ipsum&amp;odio=dolor&amp;curabitur=sit&amp;convallis=amet&amp;duis=consectetuer&amp;consequat=adipiscing&amp;dui=elit&amp;nec=proin&amp;nisi=interdum&amp;volutpat=mauris&amp;eleifend=non&amp;donec=ligula&amp;ut=pellentesque&amp;dolor=ultrices&amp;morbi=phasellus&amp;vel=id&amp;lectus=sapien&amp;in=in&amp;quam=sapien&amp;fringilla=iaculis&amp;rhoncus=congue&amp;mauris=vivamus&amp;enim=metus&amp;leo=arcu&amp;rhoncus=adipiscing&amp;sed=molestie&amp;vestibulum=hendrerit&amp;sit=at&amp;amet=vulputate&amp;cursus=vitae&amp;id=nisl&amp;turpis=aenean&amp;integer=lectus&amp;aliquet=pellentesque&amp;massa=eget&amp;id=nunc&amp;lobortis=donec&amp;convallis=quis&amp;tortor=orci&amp;risus=eget&amp;dapibus=orci&amp;augue=vehicula&amp;vel=condimentum&amp;accumsan=curabitur&amp;tellus=in&amp;nisi=libero&amp;eu=ut&amp;orci=massa&amp;mauris=volutpat&amp;lacinia=convallis</Citaciones>
</Tdetalle>', 
  'cortas2@mtv.com', 'Secured');
INSERT INTO OPINION VALUES (4, TO_DATE('2011-01-21', 'YYYY-MM-DD'), 'C', 'Sed ante.',
'<Tdetalle>
    <Titulo>nunc donec</Titulo>
    <Introduccion>lectus pellentesque eget nunc donec quis orci eget orci vehicula</Introduccion>
    <Resumen>curabitur convallis duis consequat dui nec nisi volutpat eleifend donec ut dolor morbi vel lectus</Resumen>
    <Citaciones>https://bbc.co.uk/eget/orci/vehicula/condimentum/curabitur/in.jpg?quis=ut&amp;turpis=rhoncus&amp;sed=aliquet&amp;ante=pulvinar&amp;vivamus=sed&amp;tortor=nisl&amp;duis=nunc&amp;mattis=rhoncus&amp;egestas=dui&amp;metus=vel&amp;aenean=sem&amp;fermentum=sed&amp;donec=sagittis&amp;ut=nam&amp;mauris=congue&amp;eget=risus&amp;massa=semper&amp;tempor=porta&amp;convallis=volutpat&amp;nulla=quam&amp;neque=pede&amp;libero=lobortis&amp;convallis=ligula&amp;eget=sit&amp;eleifend=amet&amp;luctus=eleifend&amp;ultricies=pede&amp;eu=libero&amp;nibh=quis&amp;quisque=orci</Citaciones>
</Tdetalle>',
  'ayashunin3@mediafire.com', 'collaboration');
INSERT INTO OPINION VALUES (5, TO_DATE('2010-01-21', 'YYYY-MM-DD'), 'G', 'Mauris enim.', 
'<Tdetalle>
    <Titulo>blandit ultrices enim</Titulo>
    <Introduccion>sed tincidunt eu felis fusce posuere felis sed lacus morbi</Introduccion>
    <Resumen>nunc commodo placerat praesent blandit nam nulla integer pede justo lacinia eget tincidunt eget tempus vel pede morbi porttitor lorem</Resumen>
    <Citaciones>http://marriott.com/diam/in/magna/bibendum/imperdiet.js?ut=sapien&amp;erat=cursus&amp;id=vestibulum&amp;mauris=proin&amp;vulputate=eu&amp;elementum=mi&amp;nullam=nulla&amp;varius=ac&amp;nulla=enim&amp;facilisi=in&amp;cras=tempor&amp;non=turpis&amp;velit=nec&amp;nec=euismod&amp;nisi=scelerisque&amp;vulputate=quam&amp;nonummy=turpis&amp;maecenas=adipiscing&amp;tincidunt=lorem&amp;lacus=vitae&amp;at=mattis&amp;velit=nibh&amp;vivamus=ligula&amp;vel=nec&amp;nulla=sem&amp;eget=duis&amp;eros=aliquam&amp;elementum=convallis&amp;pellentesque=nunc&amp;quisque=proin&amp;porta=at&amp;volutpat=turpis&amp;erat=a&amp;quisque=pede&amp;erat=posuere&amp;eros=nonummy&amp;viverra=integer&amp;eget=non&amp;congue=velit&amp;eget=donec</Citaciones>
  </Tdetalle>',
  'ajarmain4@yolasite.com', 'Intuitive');


INSERT INTO PALABRA VALUES ('customizable', 'inmagna');
INSERT INTO PALABRA VALUES ('solution', 'namules');
INSERT INTO PALABRA VALUES ('multimedia', 'amettuis');
INSERT INTO PALABRA VALUES ('directional', 'fusce');
INSERT INTO PALABRA VALUES ('Robust', 'a');


INSERT INTO ESPRERREQUISITO VALUES ('solution', 'customizable');
INSERT INTO ESPRERREQUISITO VALUES ('customizable', 'solution');
INSERT INTO ESPRERREQUISITO VALUES ('directional', 'multimedia');
INSERT INTO ESPRERREQUISITO VALUES ('multimedia', 'directional');
INSERT INTO ESPRERREQUISITO VALUES ('hybrid', 'Robust');


INSERT INTO ESSUBTEMA VALUES ('solution', 'customizable');
INSERT INTO ESSUBTEMA VALUES ('customizable', 'solution');
INSERT INTO ESSUBTEMA VALUES ('directional', 'multimedia');
INSERT INTO ESSUBTEMA VALUES ('multimedia', 'directional');
INSERT INTO ESSUBTEMA VALUES ('hybrid', 'Robust');


INSERT INTO TEMPORAL VALUES ('incremental',TO_DATE('2006-01-21', 'YYYY-MM-DD'), 'https://macromedia.com.xml', 'A','wkidston0@reddit.com', 3, 'I');
INSERT INTO TEMPORAL VALUES ('Secured', TO_DATE('2010-01-21', 'YYYY-MM-DD'), 'https://cornell.edu/vestibulum.quam', 'V','mdaventry1@php.net', 46, 'F');
INSERT INTO TEMPORAL VALUES ('static', TO_DATE('2015-01-21', 'YYYY-MM-DD'), 'http://bloglines.com.s', 'F','cortas2@mtv.com', 48, 'I');
INSERT INTO TEMPORAL VALUES ('collaboration', TO_DATE('2015-01-21', 'YYYY-MM-DD'), 'https://intel.com.', 'V','ayashunin3@mediafire.com', '1.72', 'F');
INSERT INTO TEMPORAL VALUES ('Intuitive',TO_DATE('2011-01-21', 'YYYY-MM-DD'), 'https://webs.com.auctor/gravida/', 'V','ajarmain4@yolasite.com', '2.45', 'E');


INSERT INTO ETIQUETA VALUES ('incremental', 'VersatileS');
INSERT INTO ETIQUETA VALUES ('Secured', 'motivating');
INSERT INTO ETIQUETA VALUES ('static', 'maximized');
INSERT INTO ETIQUETA VALUES ('collaboration', 'Multilayer');
INSERT INTO ETIQUETA VALUES ('Intuitive', 'workforce');


INSERT INTO CONTENIDOTEMA VALUES('incremental','customizable');
INSERT INTO CONTENIDOTEMA VALUES('Secured','Robust');
INSERT INTO CONTENIDOTEMA VALUES('static','hybrid');
INSERT INTO CONTENIDOTEMA VALUES('collaboration','hybrid');
INSERT INTO CONTENIDOTEMA VALUES('Intuitive','hybrid');


INSERT INTO ADJETIVO VALUES (4, 'zero');
INSERT INTO ADJETIVO VALUES (5, 'benchmak');
INSERT INTO ADJETIVO VALUES (6, 'projection');
INSERT INTO ADJETIVO VALUES (7, 'leading');
INSERT INTO ADJETIVO VALUES (8, 'initiative');


INSERT INTO CONSULTA VALUES (TO_DATE('2006-01-21', 'YYYY-MM-DD'), 'wkidston0@reddit.com', 'incremental');
INSERT INTO CONSULTA VALUES (TO_DATE('2010-01-21', 'YYYY-MM-DD'), 'mdaventry1@php.net', 'Secured');
INSERT INTO CONSULTA VALUES (TO_DATE('2015-01-21', 'YYYY-MM-DD'), 'cortas2@mtv.com', 'static');
INSERT INTO CONSULTA VALUES (TO_DATE('2015-01-21', 'YYYY-MM-DD'), 'ayashunin3@mediafire.com', 'collaboration');
INSERT INTO CONSULTA VALUES (TO_DATE('2011-01-21', 'YYYY-MM-DD'), 'ajarmain4@yolasite.com', 'Intuitive');


INSERT INTO ASIGNATURA VALUES ('HUR', 'superstructure');
INSERT INTO ASIGNATURA VALUES ('EAE', 'responsive');
INSERT INTO ASIGNATURA VALUES ('TEC', 'responsive');
INSERT INTO ASIGNATURA VALUES ('PTX', 'migration');
INSERT INTO ASIGNATURA VALUES ('NHL', 'Extended');


INSERT INTO TRATA  VALUES ('A', 76, 'customizable', 'HUR');
INSERT INTO TRATA  VALUES ('P', 8, 'solution', 'EAE');
INSERT INTO TRATA  VALUES ('A', 91, 'multimedia', 'TEC');
INSERT INTO TRATA  VALUES ('A', 65, 'directional', 'LDO');
INSERT INTO TRATA  VALUES ('A', 91, 'Robust', 'PTX');


INSERT INTO FILTRO VALUES ('id', 'posuere metus vitae ipsum');
INSERT INTO FILTRO VALUES ('vestibulum', 'ultrices enim lorem ipsum');
INSERT INTO FILTRO VALUES ('lacus', 'placerat praesent blandit nam');
INSERT INTO FILTRO VALUES ('sit', 'ultricies eu nibh quisque id');
INSERT INTO FILTRO VALUES ('nec', 'semper rutrum nulla nunc purus');


INSERT INTO CONTENIDOFILTRO VALUES ('incremental', 'id');
INSERT INTO CONTENIDOFILTRO VALUES ('Secured', 'vestibulum');
INSERT INTO CONTENIDOFILTRO VALUES ('static', 'lacus');
INSERT INTO CONTENIDOFILTRO VALUES ('Intuitive', 'sit');
INSERT INTO CONTENIDOFILTRO VALUES ('model', 'nec');
