--perfiles
INSERT INTO PERFIL VALUES ('wkidston0@reddit.com', 'Chet Louisot', 1);
INSERT INTO PERFIL VALUES ('mdaventry1@php.net', 'Katha Corteney', 0);
INSERT INTO PERFIL VALUES ('cortas2@mtv.com', 'Marje Langdale', 0);
INSERT INTO PERFIL VALUES ('ayashunin3@mediafire.com','Ariella Earwaker', 0);
INSERT INTO PERFIL VALUES ('ajarmain4@yolasite.com', 'Flori Munning', 0);
INSERT INTO PERFIL VALUES ('mabreheart5@techcrunch.com', 'Merline McDonell', 0);
INSERT INTO PERFIL VALUES ('sdagon6@youtu.be', 'Christine Rand', 0);
INSERT INTO PERFIL VALUES ('lgoater7@ucoz.com', 'Daffie Hardstaff', 1);
INSERT INTO PERFIL VALUES ('zbatteson8@patch.com', 'Stern Bixley', 0);
INSERT INTO PERFIL VALUES ('jmccart9@mozilla.com', 'Heinrick Corringham', 1);
--contenidos
INSERT INTO TEMPORAL VALUES ('incremental',TO_DATE('2006-01-21', 'YYYY-MM-DD'), 'https://macromedia.com.xml', 'A','wkidston0@reddit.com', 3, 'I');
INSERT INTO TEMPORAL VALUES ('Secured', TO_DATE('2010-01-21', 'YYYY-MM-DD'), 'https://cornell.edu/vestibulum.quam', 'V','mdaventry1@php.net', 46, 'F');
INSERT INTO TEMPORAL VALUES ('static', TO_DATE('2015-01-21', 'YYYY-MM-DD'), 'http://bloglines.com.s', 'F','cortas2@mtv.com', 48, 'I');
INSERT INTO TEMPORAL VALUES ('collaboration', TO_DATE('2015-01-21', 'YYYY-MM-DD'), 'https://intel.com.', 'V','ayashunin3@mediafire.com', 72, 'F');
INSERT INTO TEMPORAL VALUES ('Intuitive',TO_DATE('2011-01-21', 'YYYY-MM-DD'), 'https://webs.com.auctor/gravida/', 'V','ajarmain4@yolasite.com', 45, 'E');
INSERT INTO TEMPORAL VALUES ('model', TO_DATE('2010-01-21', 'YYYY-MM-DD'), 'https://yolasite.com/tellus/semper.xml', 'A','mabreheart5@techcrunch.com', 69, 'I');
INSERT INTO TEMPORAL VALUES ('alliance', TO_DATE('2003-01-21', 'YYYY-MM-DD'), 'https://cnn.com/at.turpis/donec/posuere/', 'V','sdagon6@youtu.be', 87, 'I');
INSERT INTO TEMPORAL VALUES ('intangible', TO_DATE('2001-01-21', 'YYYY-MM-DD'), 'https://1und1.de.', 'V','lgoater7@ucoz.com', 27, 'I');
INSERT INTO TEMPORAL VALUES ('real-time', TO_DATE('2002-01-21', 'YYYY-MM-DD'), 'https://tinyurl.com.i', 'A','zbatteson8@patch.com', 56, 'E');
INSERT INTO TEMPORAL VALUES ('application', TO_DATE('2020-01-21', 'YYYY-MM-DD'), 'https://stanford.edu.morbi/', 'A','jmccart9@mozilla.com', 52, 'F');
INSERT INTO TEMPORAL VALUES ('NEWIA', TO_DATE('2020-01-21', 'YYYY-MM-DD'), 'https://stan.edu.morbi/', 'A','jmccart9@mozilla.com', 53, 'F');
INSERT INTO TEMPORAL VALUES ('DSFGHJK', TO_DATE('2020-01-21', 'YYYY-MM-DD'), 'https://stan.eduS.morbi/', 'A','jmccart9@mozilla.com', 52, 'F');
--opiniones
INSERT INTO OPINION VALUES (1, TO_DATE('2006-01-21', 'YYYY-MM-DD'), 'E', 'Ut tellus.', 'momentos de error', 'wkidston0@reddit.com', 'incremental');
INSERT INTO OPINION VALUES (2, TO_DATE('2010-01-21', 'YYYY-MM-DD'), 'G', 'Etiam justo.', 'momentos de error', 'mdaventry1@php.net', 'static');
INSERT INTO OPINION VALUES (3, TO_DATE('2015-01-21', 'YYYY-MM-DD'), 'C', 'Nulla nisl.', 'momentos de error', 'cortas2@mtv.com', 'Secured');
INSERT INTO OPINION VALUES (4, TO_DATE('2011-01-21', 'YYYY-MM-DD'), 'C', 'Sed ante.', 'momentos negativos', 'ayashunin3@mediafire.com', 'collaboration');
INSERT INTO OPINION VALUES (5, TO_DATE('2010-01-21', 'YYYY-MM-DD'), 'G', 'Mauris enim.', 'momentos positivos', 'ajarmain4@yolasite.com', 'Intuitive');
