insert into ADMINISTRADOR values (1, 'Blakelee Ivasyushkin', '2152719906', 'bivasyushkin0@friendfeed.com');
insert into ADMINISTRADOR values (2, 'Marc Plaxton', '7079526402', 'mplaxton1@wp.com');
insert into ADMINISTRADOR values (3, 'Yves Filyaev', '3305475534', 'yfilyaev2@amazon.de');
insert into ADMINISTRADOR values (4, 'Bernetta MacInnes', '1794010400', 'bmacinnes3@list-manage.com');
insert into ADMINISTRADOR values (5, 'Vinson Pallister', '3775540173', 'vpallister4@google.com.au');
insert into ADMINISTRADOR values (6, 'Edyth Pearson', '2824597349', 'epearson5@google.de');
insert into ADMINISTRADOR values (7, 'Nickola Clausen', '3482271297', 'nclausen6@techcrunch.com');
insert into ADMINISTRADOR values (8, 'Jeno Lighten', '7099331341', 'jlighten7@tinyurl.com');
insert into ADMINISTRADOR values (9, 'Trixi Moral', '2211393937', 'tmoral8@hc360.com');
insert into ADMINISTRADOR values (10, 'Lorette Aingell', '2841983963', 'laingell9@naver.com');


insert into CONDUCTOR values (1, 'Hy Fort', '5 Logan Lane', '5617139013', 77, 'Melaka', 'hfort0@furl.net', 1);
insert into CONDUCTOR values (2, 'Hercule Streather', '0114 Chive Lane', '3355421993', 35, 'Bordeaux', 'hstreather1@merriam.com', 2);
insert into CONDUCTOR values (3, 'Westley Gurnell', '4 Butterfield Park', '1156547043', 66, 'Figueira Castelo', 'wgurnell2@pen.io', 3);
insert into CONDUCTOR values (4, 'Gabriele Hedditch', '8418 Mcguire Point', '2855803340', 77, 'Blagoveshchenka', 'ghedditch3@sitemeter.com', 4);
insert into CONDUCTOR values (5, 'Pegeen Shemwell', '9382 Forest Parkway', '5952980994', 45, 'Levallois-Perret', 'pshemwell4@trellian.com', 5);
insert into CONDUCTOR values (6, 'Cristy Tomei', '6834 Forest Run Hill', '6189853149', 54, 'Paranaguá', 'ctomei5@wikispaces.com', 6);
insert into CONDUCTOR values (7, 'Binky Moncur', '22154 Anthes Drive', '3416260167', 71, 'Longquan', 'bmoncur6@hc360.com', 7);
insert into CONDUCTOR values (8, 'Kennedy Pownall', '682 Cambridge Avenue', '5584208968', 58, 'Głowno', 'kpownall7@kickstarter.com', 8);
insert into CONDUCTOR values (9, 'Donnie Whittingham', '12377 Boyd Pass', '9808933465', 29, 'Kwekwe', 'dwhittingham8@msn.com', 9);
insert into CONDUCTOR values (10, 'Gisela Hinstock', '8 Sunnyside Place', '8838254685', 34, 'Schirmeck', 'ghinstock9@ucla.edu', 10);

insert into COVERTURA values (1, 867945462, 650552718, 728036111);
insert into COVERTURA values (2, 45984541, 307832465, 137321232);
insert into COVERTURA values (3, 68997899, 39485986, 850660724);
insert into COVERTURA values (4, 437288796, 562916300, 695310046);
insert into COVERTURA values (5, 998239386, 749754875, 782436958);
insert into COVERTURA values (6, 297090383, 910049315, 378173893);
insert into COVERTURA values (7, 701474167, 625896258, 94294227);
insert into COVERTURA values (8, 491764581, 148722214, 889270384);
insert into COVERTURA values (9, 451194686, 677429766, 120119876);
insert into COVERTURA values (10, 53241315, 45581629, 315626980);


insert into MARCA values ('Ford');
insert into MARCA values ('Mercedes-Benz');
insert into MARCA values ('Toyota');
insert into MARCA values ('Volkswagen');
insert into MARCA values ('Jaguar');
insert into MARCA values ('Maybach');
insert into MARCA values ('Saab');
insert into MARCA values ('Cadillac');
insert into MARCA values ('Chevrolet');
insert into MARCA values ('Mazda');

insert into POLIZA values (1, 64118487, 7865778, 1, 1, 1, 1);
insert into POLIZA values (2, 88569823, 7188883, 2, 2, 2, 2);
insert into POLIZA values (3, 93655459, 4350126, 3, 3, 3, 3);
insert into POLIZA values (4, 20486049, 1223676, 4, 4, 4, 4);
insert into POLIZA values (5, 32472279, 4554523, 5, 5, 5, 5);
insert into POLIZA values (6, 44027851, 5585098, 6, 6, 6, 6);
insert into POLIZA values (7, 36071005, 5862660, 7, 7, 7, 7);
insert into POLIZA values (8, 63058812, 1324205, 8, 8, 8, 8);
insert into POLIZA values (9, 67060865, 2670578, 9, 9, 9, 9);
insert into POLIZA values (10, 55940194, 8327104, 10, 10, 10, 10);

insert into PROYECTO values (1, 'Ergonomic', TO_DATE('2016-07-28', 'YYYY-MM-DD'), TO_DATE('2018-08-10', 'YYYY-MM-DD'), 1);
insert into PROYECTO values (2, '24/7', TO_DATE('2017-09-18', 'YYYY-MM-DD'), TO_DATE('2019-10-23', 'YYYY-MM-DD'), 2);
insert into PROYECTO values (3, 'non-volatile', TO_DATE('2017-01-13', 'YYYY-MM-DD'), TO_DATE('2019-10-01', 'YYYY-MM-DD'), 3);
insert into PROYECTO values (4, 'Right-sized', TO_DATE('2015-02-03', 'YYYY-MM-DD'), TO_DATE('2019-04-29', 'YYYY-MM-DD'), 4);
insert into PROYECTO values (5, 'Compatible', TO_DATE('2015-07-29', 'YYYY-MM-DD'), TO_DATE('2018-06-08', 'YYYY-MM-DD'), 5);
insert into PROYECTO values (6, 'extranet', TO_DATE('2015-12-17', 'YYYY-MM-DD'), TO_DATE('2019-05-01', 'YYYY-MM-DD'), 6);
insert into PROYECTO values (7, 'bandwidth-monitored', TO_DATE('2016-02-15', 'YYYY-MM-DD'), TO_DATE('2018-04-21', 'YYYY-MM-DD'), 7);
insert into PROYECTO values (8, 'empowering', TO_DATE('2017-05-17', 'YYYY-MM-DD'), TO_DATE('2018-02-13', 'YYYY-MM-DD'), 8);
insert into PROYECTO values (9, 'bottom-line', TO_DATE('2015-11-11', 'YYYY-MM-DD'), TO_DATE('2018-09-09', 'YYYY-MM-DD'), 9);
insert into PROYECTO values (10, 'Multi-layered', TO_DATE('2017-04-08', 'YYYY-MM-DD'), TO_DATE('2018-05-23', 'YYYY-MM-DD'), 10);


insert into PUNTOATENCION values (1, 1);
insert into PUNTOATENCION values (2, 2);
insert into PUNTOATENCION values (3, 3);
insert into PUNTOATENCION values (4, 4);
insert into PUNTOATENCION values (5, 5);
insert into PUNTOATENCION values (6, 6);
insert into PUNTOATENCION values (7, 7);
insert into PUNTOATENCION values (8, 8);
insert into PUNTOATENCION values (9, 9);
insert into PUNTOATENCION values (10, 10);

insert into REGISTRO (RNUMERO, PUNTOATENCION, ADMINISTRADOR) values (1, 1, 1);
insert into REGISTRO (RNUMERO, PUNTOATENCION, ADMINISTRADOR) values (2, 2, 2);
insert into REGISTRO (RNUMERO, PUNTOATENCION, ADMINISTRADOR) values (3, 3, 3);
insert into REGISTRO (RNUMERO, PUNTOATENCION, ADMINISTRADOR) values (4, 4, 4);
insert into REGISTRO (RNUMERO, PUNTOATENCION, ADMINISTRADOR) values (5, 5, 5);
insert into REGISTRO (RNUMERO, PUNTOATENCION, ADMINISTRADOR) values (6, 6, 6);
insert into REGISTRO (RNUMERO, PUNTOATENCION, ADMINISTRADOR) values (7, 7, 7);
insert into REGISTRO (RNUMERO, PUNTOATENCION, ADMINISTRADOR) values (8, 8, 8);
insert into REGISTRO (RNUMERO, PUNTOATENCION, ADMINISTRADOR) values (9, 9, 9);
insert into REGISTRO (RNUMERO, PUNTOATENCION, ADMINISTRADOR) values (10, 10, 10);


insert into UBICACION (LONGITUD, LATITUD, CIUDAD, PAIS, DIRECCION) values (-9.1792392, 38.7946533, 'Odivelas', 'MX', '5 Red Cloud Place');
insert into UBICACION (LONGITUD, LATITUD, CIUDAD, PAIS, DIRECCION) values (47.9897691, 42.3890735, 'Novokayakent', 'VE', '5 La Follette Street');
insert into UBICACION (LONGITUD, LATITUD, CIUDAD, PAIS, DIRECCION) values (112.228897, 32.460037, 'Liuji', 'CO', '62495 7th Park');
insert into UBICACION (LONGITUD, LATITUD, CIUDAD, PAIS, DIRECCION) values (133.2439826, 35.4159603, 'Yasugichō', 'CO', '7 Kennedy Trail');
insert into UBICACION (LONGITUD, LATITUD, CIUDAD, PAIS, DIRECCION) values (32.3018661, 31.2652893, 'Port Said', 'PN', '38300 Haas Point');
insert into UBICACION (LONGITUD, LATITUD, CIUDAD, PAIS, DIRECCION) values (1.9038837, 43.0429124, 'Lyon', 'PN', '45 Northridge');
insert into UBICACION (LONGITUD, LATITUD, CIUDAD, PAIS, DIRECCION) values (33.4406638, 69.1979686, 'Polyarnyy', 'MX', '798 Westridge Avenue');
insert into UBICACION (LONGITUD, LATITUD, CIUDAD, PAIS, DIRECCION) values (127.4954241, 36.6425079, 'Su-dong', 'BR', '96585 Dayton Plaza');
insert into UBICACION (LONGITUD, LATITUD, CIUDAD, PAIS, DIRECCION) values (5.8978018, 43.4945737, 'Paris 08', 'CO', '6 Sundown Place');
insert into UBICACION (LONGITUD, LATITUD, CIUDAD, PAIS, DIRECCION) values (18.0077821, 59.2971622, 'Hägersten', 'PN', '27 Cardinal Park');


